INSERT /*+ NO_PARALLEL */ ALL
  INTO airports (city_code, city_name) VALUES ('ABE', 'Allentown/Bethlehem/Easton, PA')
  INTO airports (city_code, city_name) VALUES ('ABI', 'Abilene, TX')
  INTO airports (city_code, city_name) VALUES ('ABQ', 'Albuquerque, NM')
  INTO airports (city_code, city_name) VALUES ('ABR', 'Aberdeen, SD')
  INTO airports (city_code, city_name) VALUES ('ABY', 'Albany, GA')
  INTO airports (city_code, city_name) VALUES ('ACK', 'Nantucket, MA')
  INTO airports (city_code, city_name) VALUES ('ACT', 'Waco, TX')
  INTO airports (city_code, city_name) VALUES ('ACV', 'Arcata/Eureka, CA')
  INTO airports (city_code, city_name) VALUES ('ACY', 'Atlantic City, NJ')
  INTO airports (city_code, city_name) VALUES ('ADK', 'Adak Island, AK')
  INTO airports (city_code, city_name) VALUES ('ADQ', 'Kodiak, AK')
  INTO airports (city_code, city_name) VALUES ('AEX', 'Alexandria, LA')
  INTO airports (city_code, city_name) VALUES ('AGS', 'Augusta, GA')
  INTO airports (city_code, city_name) VALUES ('AKN', 'King Salmon, AK')
  INTO airports (city_code, city_name) VALUES ('ALB', 'Albany, NY')
  INTO airports (city_code, city_name) VALUES ('ALO', 'Waterloo, IA')
  INTO airports (city_code, city_name) VALUES ('ALS', 'Alamosa, CO')
  INTO airports (city_code, city_name) VALUES ('ALW', 'Walla Walla, WA')
  INTO airports (city_code, city_name) VALUES ('AMA', 'Amarillo, TX')
  INTO airports (city_code, city_name) VALUES ('ANC', 'Anchorage, AK')
  INTO airports (city_code, city_name) VALUES ('APN', 'Alpena, MI')
  INTO airports (city_code, city_name) VALUES ('ART', 'Watertown, NY')
  INTO airports (city_code, city_name) VALUES ('ASE', 'Aspen, CO')
  INTO airports (city_code, city_name) VALUES ('ATL', 'Atlanta, GA')
  INTO airports (city_code, city_name) VALUES ('ATW', 'Appleton, WI')
  INTO airports (city_code, city_name) VALUES ('ATY', 'Watertown, SD')
  INTO airports (city_code, city_name) VALUES ('AUS', 'Austin, TX')
  INTO airports (city_code, city_name) VALUES ('AVL', 'Asheville, NC')
  INTO airports (city_code, city_name) VALUES ('AVP', 'Scranton/Wilkes-Barre, PA')
  INTO airports (city_code, city_name) VALUES ('AZA', 'Phoenix, AZ')
  INTO airports (city_code, city_name) VALUES ('AZO', 'Kalamazoo, MI')
  INTO airports (city_code, city_name) VALUES ('BDL', 'Hartford, CT')
  INTO airports (city_code, city_name) VALUES ('BET', 'Bethel, AK')
  INTO airports (city_code, city_name) VALUES ('BFF', 'Scottsbluff, NE')
  INTO airports (city_code, city_name) VALUES ('BFL', 'Bakersfield, CA')
  INTO airports (city_code, city_name) VALUES ('BFM', 'Mobile, AL')
  INTO airports (city_code, city_name) VALUES ('BGM', 'Binghamton, NY')
  INTO airports (city_code, city_name) VALUES ('BGR', 'Bangor, ME')
  INTO airports (city_code, city_name) VALUES ('BHM', 'Birmingham, AL')
  INTO airports (city_code, city_name) VALUES ('BIH', 'Bishop, CA')
  INTO airports (city_code, city_name) VALUES ('BIL', 'Billings, MT')
  INTO airports (city_code, city_name) VALUES ('BIS', 'Bismarck/Mandan, ND')
  INTO airports (city_code, city_name) VALUES ('BJI', 'Bemidji, MN')
  INTO airports (city_code, city_name) VALUES ('BKG', 'Branson, MO')
  INTO airports (city_code, city_name) VALUES ('BLI', 'Bellingham, WA')
  INTO airports (city_code, city_name) VALUES ('BLV', 'Belleville, IL')
  INTO airports (city_code, city_name) VALUES ('BMI', 'Bloomington/Normal, IL')
  INTO airports (city_code, city_name) VALUES ('BNA', 'Nashville, TN')
  INTO airports (city_code, city_name) VALUES ('BOI', 'Boise, ID')
  INTO airports (city_code, city_name) VALUES ('BOS', 'Boston, MA')
  INTO airports (city_code, city_name) VALUES ('BPT', 'Beaumont/Port Arthur, TX')
  INTO airports (city_code, city_name) VALUES ('BQK', 'Brunswick, GA')
  INTO airports (city_code, city_name) VALUES ('BQN', 'Aguadilla, PR')
  INTO airports (city_code, city_name) VALUES ('BRD', 'Brainerd, MN')
  INTO airports (city_code, city_name) VALUES ('BRO', 'Brownsville, TX')
  INTO airports (city_code, city_name) VALUES ('BRW', 'Barrow, AK')
  INTO airports (city_code, city_name) VALUES ('BTM', 'Butte, MT')
  INTO airports (city_code, city_name) VALUES ('BTR', 'Baton Rouge, LA')
  INTO airports (city_code, city_name) VALUES ('BTV', 'Burlington, VT')
  INTO airports (city_code, city_name) VALUES ('BUF', 'Buffalo, NY')
  INTO airports (city_code, city_name) VALUES ('BUR', 'Burbank, CA')
  INTO airports (city_code, city_name) VALUES ('BWI', 'Baltimore, MD')
  INTO airports (city_code, city_name) VALUES ('BZN', 'Bozeman, MT')
  INTO airports (city_code, city_name) VALUES ('CAE', 'Columbia, SC')
  INTO airports (city_code, city_name) VALUES ('CAK', 'Akron, OH')
  INTO airports (city_code, city_name) VALUES ('CDB', 'Cold Bay, AK')
  INTO airports (city_code, city_name) VALUES ('CDC', 'Cedar City, UT')
  INTO airports (city_code, city_name) VALUES ('CDV', 'Cordova, AK')
  INTO airports (city_code, city_name) VALUES ('CGI', 'Cape Girardeau, MO')
  INTO airports (city_code, city_name) VALUES ('CHA', 'Chattanooga, TN')
  INTO airports (city_code, city_name) VALUES ('CHO', 'Charlottesville, VA')
  INTO airports (city_code, city_name) VALUES ('CHS', 'Charleston, SC')
  INTO airports (city_code, city_name) VALUES ('CID', 'Cedar Rapids/Iowa City, IA')
  INTO airports (city_code, city_name) VALUES ('CIU', 'Sault Ste. Marie, MI')
  INTO airports (city_code, city_name) VALUES ('CKB', 'Clarksburg/Fairmont, WV')
  INTO airports (city_code, city_name) VALUES ('CLE', 'Cleveland, OH')
  INTO airports (city_code, city_name) VALUES ('CLL', 'College Station/Bryan, TX')
  INTO airports (city_code, city_name) VALUES ('CLT', 'Charlotte, NC')
  INTO airports (city_code, city_name) VALUES ('CMH', 'Columbus, OH')
  INTO airports (city_code, city_name) VALUES ('CMI', 'Champaign/Urbana, IL')
  INTO airports (city_code, city_name) VALUES ('CMX', 'Hancock/Houghton, MI')
  INTO airports (city_code, city_name) VALUES ('CNY', 'Moab, UT')
  INTO airports (city_code, city_name) VALUES ('COD', 'Cody, WY')
  INTO airports (city_code, city_name) VALUES ('COS', 'Colorado Springs, CO')
  INTO airports (city_code, city_name) VALUES ('COU', 'Columbia, MO')
  INTO airports (city_code, city_name) VALUES ('CPR', 'Casper, WY')
  INTO airports (city_code, city_name) VALUES ('CRP', 'Corpus Christi, TX')
  INTO airports (city_code, city_name) VALUES ('CRW', 'Charleston/Dunbar, WV')
  INTO airports (city_code, city_name) VALUES ('CSG', 'Columbus, GA')
  INTO airports (city_code, city_name) VALUES ('CVG', 'Cincinnati, OH')
  INTO airports (city_code, city_name) VALUES ('CWA', 'Mosinee, WI')
  INTO airports (city_code, city_name) VALUES ('CYS', 'Cheyenne, WY')
  INTO airports (city_code, city_name) VALUES ('DAB', 'Daytona Beach, FL')
  INTO airports (city_code, city_name) VALUES ('DAL', 'Dallas, TX')
  INTO airports (city_code, city_name) VALUES ('DAY', 'Dayton, OH')
  INTO airports (city_code, city_name) VALUES ('DBQ', 'Dubuque, IA')
  INTO airports (city_code, city_name) VALUES ('DCA', 'Washington, DC')
  INTO airports (city_code, city_name) VALUES ('DDC', 'Dodge City, KS')
  INTO airports (city_code, city_name) VALUES ('DEC', 'Decatur, IL')
  INTO airports (city_code, city_name) VALUES ('DEN', 'Denver, CO')
  INTO airports (city_code, city_name) VALUES ('DFW', 'Dallas/Fort Worth, TX')
  INTO airports (city_code, city_name) VALUES ('DHN', 'Dothan, AL')
  INTO airports (city_code, city_name) VALUES ('DIK', 'Dickinson, ND')
  INTO airports (city_code, city_name) VALUES ('DLG', 'Dillingham, AK')
  INTO airports (city_code, city_name) VALUES ('DLH', 'Duluth, MN')
  INTO airports (city_code, city_name) VALUES ('DRO', 'Durango, CO')
  INTO airports (city_code, city_name) VALUES ('DRT', 'Del Rio, TX')
  INTO airports (city_code, city_name) VALUES ('DSM', 'Des Moines, IA')
  INTO airports (city_code, city_name) VALUES ('DTW', 'Detroit, MI')
  INTO airports (city_code, city_name) VALUES ('DVL', 'Devils Lake, ND')
  INTO airports (city_code, city_name) VALUES ('EAR', 'Kearney, NE')
  INTO airports (city_code, city_name) VALUES ('EAT', 'Wenatchee, WA')
  INTO airports (city_code, city_name) VALUES ('EAU', 'Eau Claire, WI')
  INTO airports (city_code, city_name) VALUES ('ECP', 'Panama City, FL')
  INTO airports (city_code, city_name) VALUES ('EGE', 'Eagle, CO')
  INTO airports (city_code, city_name) VALUES ('EKO', 'Elko, NV')
  INTO airports (city_code, city_name) VALUES ('ELM', 'Elmira/Corning, NY')
  INTO airports (city_code, city_name) VALUES ('ELP', 'El Paso, TX')
  INTO airports (city_code, city_name) VALUES ('ERI', 'Erie, PA')
  INTO airports (city_code, city_name) VALUES ('ESC', 'Escanaba, MI')
  INTO airports (city_code, city_name) VALUES ('EUG', 'Eugene, OR')
  INTO airports (city_code, city_name) VALUES ('EVV', 'Evansville, IN')
  INTO airports (city_code, city_name) VALUES ('EWN', 'New Bern/Morehead/Beaufort, NC')
  INTO airports (city_code, city_name) VALUES ('EWR', 'Newark, NJ')
  INTO airports (city_code, city_name) VALUES ('EYW', 'Key West, FL')
  INTO airports (city_code, city_name) VALUES ('FAI', 'Fairbanks, AK')
  INTO airports (city_code, city_name) VALUES ('FAR', 'Fargo, ND')
  INTO airports (city_code, city_name) VALUES ('FAT', 'Fresno, CA')
  INTO airports (city_code, city_name) VALUES ('FAY', 'Fayetteville, NC')
  INTO airports (city_code, city_name) VALUES ('FCA', 'Kalispell, MT')
  INTO airports (city_code, city_name) VALUES ('FLG', 'Flagstaff, AZ')
  INTO airports (city_code, city_name) VALUES ('FLL', 'Fort Lauderdale, FL')
  INTO airports (city_code, city_name) VALUES ('FLO', 'Florence, SC')
  INTO airports (city_code, city_name) VALUES ('FNT', 'Flint, MI')
  INTO airports (city_code, city_name) VALUES ('FOD', 'Fort Dodge, IA')
  INTO airports (city_code, city_name) VALUES ('FSD', 'Sioux Falls, SD')
  INTO airports (city_code, city_name) VALUES ('FSM', 'Fort Smith, AR')
  INTO airports (city_code, city_name) VALUES ('FWA', 'Fort Wayne, IN')
  INTO airports (city_code, city_name) VALUES ('GCC', 'Gillette, WY')
  INTO airports (city_code, city_name) VALUES ('GCK', 'Garden City, KS')
  INTO airports (city_code, city_name) VALUES ('GEG', 'Spokane, WA')
  INTO airports (city_code, city_name) VALUES ('GFK', 'Grand Forks, ND')
  INTO airports (city_code, city_name) VALUES ('GGG', 'Longview, TX')
  INTO airports (city_code, city_name) VALUES ('GJT', 'Grand Junction, CO')
  INTO airports (city_code, city_name) VALUES ('GNV', 'Gainesville, FL')
  INTO airports (city_code, city_name) VALUES ('GPT', 'Gulfport/Biloxi, MS')
  INTO airports (city_code, city_name) VALUES ('GRB', 'Green Bay, WI')
  INTO airports (city_code, city_name) VALUES ('GRI', 'Grand Island, NE')
  INTO airports (city_code, city_name) VALUES ('GRK', 'Killeen, TX')
  INTO airports (city_code, city_name) VALUES ('GRR', 'Grand Rapids, MI')
  INTO airports (city_code, city_name) VALUES ('GSO', 'Greensboro/High Point, NC')
  INTO airports (city_code, city_name) VALUES ('GSP', 'Greer, SC')
  INTO airports (city_code, city_name) VALUES ('GST', 'Gustavus, AK')
  INTO airports (city_code, city_name) VALUES ('GTF', 'Great Falls, MT')
  INTO airports (city_code, city_name) VALUES ('GTR', 'Columbus, MS')
  INTO airports (city_code, city_name) VALUES ('GUC', 'Gunnison, CO')
  INTO airports (city_code, city_name) VALUES ('GUM', 'Guam, TT')
  INTO airports (city_code, city_name) VALUES ('HDN', 'Hayden, CO')
  INTO airports (city_code, city_name) VALUES ('HGR', 'Hagerstown, MD')
  INTO airports (city_code, city_name) VALUES ('HHH', 'Hilton Head, SC')
  INTO airports (city_code, city_name) VALUES ('HIB', 'Hibbing, MN')
  INTO airports (city_code, city_name) VALUES ('HLN', 'Helena, MT')
  INTO airports (city_code, city_name) VALUES ('HNL', 'Honolulu, HI')
  INTO airports (city_code, city_name) VALUES ('HOB', 'Hobbs, NM')
  INTO airports (city_code, city_name) VALUES ('HOU', 'Houston, TX')
  INTO airports (city_code, city_name) VALUES ('HPN', 'White Plains, NY')
  INTO airports (city_code, city_name) VALUES ('HRL', 'Harlingen/San Benito, TX')
  INTO airports (city_code, city_name) VALUES ('HSV', 'Huntsville, AL')
  INTO airports (city_code, city_name) VALUES ('HTS', 'Ashland, WV')
  INTO airports (city_code, city_name) VALUES ('HVN', 'New Haven, CT')
  INTO airports (city_code, city_name) VALUES ('HYA', 'Hyannis, MA')
  INTO airports (city_code, city_name) VALUES ('HYS', 'Hays, KS')
  INTO airports (city_code, city_name) VALUES ('IAD', 'Washington, DC')
  INTO airports (city_code, city_name) VALUES ('IAG', 'Niagara Falls, NY')
  INTO airports (city_code, city_name) VALUES ('IAH', 'Houston, TX')
  INTO airports (city_code, city_name) VALUES ('ICT', 'Wichita, KS')
  INTO airports (city_code, city_name) VALUES ('IDA', 'Idaho Falls, ID')
  INTO airports (city_code, city_name) VALUES ('ILG', 'Wilmington, DE')
  INTO airports (city_code, city_name) VALUES ('ILM', 'Wilmington, NC')
  INTO airports (city_code, city_name) VALUES ('IMT', 'Iron Mountain/Kingsfd, MI')
  INTO airports (city_code, city_name) VALUES ('IND', 'Indianapolis, IN')
  INTO airports (city_code, city_name) VALUES ('INL', 'International Falls, MN')
  INTO airports (city_code, city_name) VALUES ('IPT', 'Williamsport, PA')
  INTO airports (city_code, city_name) VALUES ('ISN', 'Williston, ND')
  INTO airports (city_code, city_name) VALUES ('ISP', 'Islip, NY')
  INTO airports (city_code, city_name) VALUES ('ITH', 'Ithaca/Cortland, NY')
  INTO airports (city_code, city_name) VALUES ('ITO', 'Hilo, HI')
  INTO airports (city_code, city_name) VALUES ('JAC', 'Jackson, WY')
  INTO airports (city_code, city_name) VALUES ('JAN', 'Jackson/Vicksburg, MS')
  INTO airports (city_code, city_name) VALUES ('JAX', 'Jacksonville, FL')
  INTO airports (city_code, city_name) VALUES ('JFK', 'New York, NY')
  INTO airports (city_code, city_name) VALUES ('JLN', 'Joplin, MO')
  INTO airports (city_code, city_name) VALUES ('JMS', 'Jamestown, ND')
  INTO airports (city_code, city_name) VALUES ('JNU', 'Juneau, AK')
  INTO airports (city_code, city_name) VALUES ('JST', 'Johnstown, PA')
  INTO airports (city_code, city_name) VALUES ('KOA', 'Kona, HI')
  INTO airports (city_code, city_name) VALUES ('KTN', 'Ketchikan, AK')
  INTO airports (city_code, city_name) VALUES ('LAN', 'Lansing, MI')
  INTO airports (city_code, city_name) VALUES ('LAR', 'Laramie, WY')
  INTO airports (city_code, city_name) VALUES ('LAS', 'Las Vegas, NV')
  INTO airports (city_code, city_name) VALUES ('LAW', 'Lawton/Fort Sill, OK')
  INTO airports (city_code, city_name) VALUES ('LAX', 'Los Angeles, CA')
  INTO airports (city_code, city_name) VALUES ('LBB', 'Lubbock, TX')
  INTO airports (city_code, city_name) VALUES ('LBE', 'Latrobe, PA')
  INTO airports (city_code, city_name) VALUES ('LBF', 'North Platte, NE')
  INTO airports (city_code, city_name) VALUES ('LBL', 'Liberal, KS')
  INTO airports (city_code, city_name) VALUES ('LCH', 'Lake Charles, LA')
  INTO airports (city_code, city_name) VALUES ('LCK', 'Columbus, OH')
  INTO airports (city_code, city_name) VALUES ('LEX', 'Lexington, KY')
  INTO airports (city_code, city_name) VALUES ('LFT', 'Lafayette, LA')
  INTO airports (city_code, city_name) VALUES ('LGA', 'New York, NY')
  INTO airports (city_code, city_name) VALUES ('LGB', 'Long Beach, CA')
  INTO airports (city_code, city_name) VALUES ('LIH', 'Lihue, HI')
  INTO airports (city_code, city_name) VALUES ('LIT', 'Little Rock, AR')
  INTO airports (city_code, city_name) VALUES ('LNK', 'Lincoln, NE')
  INTO airports (city_code, city_name) VALUES ('LRD', 'Laredo, TX')
  INTO airports (city_code, city_name) VALUES ('LSE', 'La Crosse, WI')
  INTO airports (city_code, city_name) VALUES ('LWB', 'Lewisburg, WV')
  INTO airports (city_code, city_name) VALUES ('LWS', 'Lewiston, ID')
  INTO airports (city_code, city_name) VALUES ('LYH', 'Lynchburg, VA')
  INTO airports (city_code, city_name) VALUES ('MAF', 'Midland/Odessa, TX')
  INTO airports (city_code, city_name) VALUES ('MBS', 'Saginaw/Bay City/Midland, MI')
  INTO airports (city_code, city_name) VALUES ('MCI', 'Kansas City, MO')
  INTO airports (city_code, city_name) VALUES ('MCO', 'Orlando, FL')
  INTO airports (city_code, city_name) VALUES ('MCW', 'Mason City, IA')
  INTO airports (city_code, city_name) VALUES ('MDT', 'Harrisburg, PA')
  INTO airports (city_code, city_name) VALUES ('MDW', 'Chicago, IL')
  INTO airports (city_code, city_name) VALUES ('MEI', 'Meridian, MS')
  INTO airports (city_code, city_name) VALUES ('MEM', 'Memphis, TN')
  INTO airports (city_code, city_name) VALUES ('MFE', 'Mission/McAllen/Edinburg, TX')
  INTO airports (city_code, city_name) VALUES ('MFR', 'Medford, OR')
  INTO airports (city_code, city_name) VALUES ('MGM', 'Montgomery, AL')
  INTO airports (city_code, city_name) VALUES ('MHK', 'Manhattan/Ft. Riley, KS')
  INTO airports (city_code, city_name) VALUES ('MHT', 'Manchester, NH')
  INTO airports (city_code, city_name) VALUES ('MIA', 'Miami, FL')
  INTO airports (city_code, city_name) VALUES ('MKE', 'Milwaukee, WI')
  INTO airports (city_code, city_name) VALUES ('MKG', 'Muskegon, MI')
  INTO airports (city_code, city_name) VALUES ('MLB', 'Melbourne, FL')
  INTO airports (city_code, city_name) VALUES ('MLI', 'Moline, IL')
  INTO airports (city_code, city_name) VALUES ('MLU', 'Monroe, LA')
  INTO airports (city_code, city_name) VALUES ('MMH', 'Mammoth Lakes, CA')
  INTO airports (city_code, city_name) VALUES ('MOB', 'Mobile, AL')
  INTO airports (city_code, city_name) VALUES ('MOT', 'Minot, ND')
  INTO airports (city_code, city_name) VALUES ('MQT', 'Marquette, MI')
  INTO airports (city_code, city_name) VALUES ('MRY', 'Monterey, CA')
  INTO airports (city_code, city_name) VALUES ('MSN', 'Madison, WI')
  INTO airports (city_code, city_name) VALUES ('MSO', 'Missoula, MT')
  INTO airports (city_code, city_name) VALUES ('MSP', 'Minneapolis, MN')
  INTO airports (city_code, city_name) VALUES ('MSY', 'New Orleans, LA')
  INTO airports (city_code, city_name) VALUES ('MTJ', 'Montrose/Delta, CO')
  INTO airports (city_code, city_name) VALUES ('MVY', 'Martha''s Vineyard, MA')
  INTO airports (city_code, city_name) VALUES ('MYR', 'Myrtle Beach, SC')
  INTO airports (city_code, city_name) VALUES ('OAJ', 'Jacksonville/Camp Lejeune, NC')
  INTO airports (city_code, city_name) VALUES ('OAK', 'Oakland, CA')
  INTO airports (city_code, city_name) VALUES ('OGD', 'Ogden, UT')
  INTO airports (city_code, city_name) VALUES ('OGG', 'Kahului, HI')
  INTO airports (city_code, city_name) VALUES ('OGS', 'Ogdensburg, NY')
  INTO airports (city_code, city_name) VALUES ('OKC', 'Oklahoma City, OK')
  INTO airports (city_code, city_name) VALUES ('OMA', 'Omaha, NE')
  INTO airports (city_code, city_name) VALUES ('OME', 'Nome, AK')
  INTO airports (city_code, city_name) VALUES ('ONT', 'Ontario, CA')
  INTO airports (city_code, city_name) VALUES ('ORD', 'Chicago, IL')
  INTO airports (city_code, city_name) VALUES ('ORF', 'Norfolk, VA')
  INTO airports (city_code, city_name) VALUES ('ORH', 'Worcester, MA')
  INTO airports (city_code, city_name) VALUES ('OTH', 'North Bend/Coos Bay, OR')
  INTO airports (city_code, city_name) VALUES ('OTZ', 'Kotzebue, AK')
  INTO airports (city_code, city_name) VALUES ('OWB', 'Owensboro, KY')
  INTO airports (city_code, city_name) VALUES ('PAE', 'Everett, WA')
  INTO airports (city_code, city_name) VALUES ('PAH', 'Paducah, KY')
  INTO airports (city_code, city_name) VALUES ('PBG', 'Plattsburgh, NY')
  INTO airports (city_code, city_name) VALUES ('PBI', 'West Palm Beach/Palm Beach, FL')
  INTO airports (city_code, city_name) VALUES ('PDX', 'Portland, OR')
  INTO airports (city_code, city_name) VALUES ('PGD', 'Punta Gorda, FL')
  INTO airports (city_code, city_name) VALUES ('PGV', 'Greenville, NC')
  INTO airports (city_code, city_name) VALUES ('PHF', 'Newport News/Williamsburg, VA')
  INTO airports (city_code, city_name) VALUES ('PHL', 'Philadelphia, PA')
  INTO airports (city_code, city_name) VALUES ('PHX', 'Phoenix, AZ')
  INTO airports (city_code, city_name) VALUES ('PIA', 'Peoria, IL')
  INTO airports (city_code, city_name) VALUES ('PIB', 'Hattiesburg/Laurel, MS')
  INTO airports (city_code, city_name) VALUES ('PIE', 'St. Petersburg, FL')
  INTO airports (city_code, city_name) VALUES ('PIH', 'Pocatello, ID')
  INTO airports (city_code, city_name) VALUES ('PIR', 'Pierre, SD')
  INTO airports (city_code, city_name) VALUES ('PIT', 'Pittsburgh, PA')
  INTO airports (city_code, city_name) VALUES ('PLN', 'Pellston, MI')
  INTO airports (city_code, city_name) VALUES ('PNS', 'Pensacola, FL')
  INTO airports (city_code, city_name) VALUES ('PPG', 'Pago Pago, TT')
  INTO airports (city_code, city_name) VALUES ('PRC', 'Prescott, AZ')
  INTO airports (city_code, city_name) VALUES ('PSC', 'Pasco/Kennewick/Richland, WA')
  INTO airports (city_code, city_name) VALUES ('PSE', 'Ponce, PR')
  INTO airports (city_code, city_name) VALUES ('PSG', 'Petersburg, AK')
  INTO airports (city_code, city_name) VALUES ('PSM', 'Portsmouth, NH')
  INTO airports (city_code, city_name) VALUES ('PSP', 'Palm Springs, CA')
  INTO airports (city_code, city_name) VALUES ('PUB', 'Pueblo, CO')
  INTO airports (city_code, city_name) VALUES ('PUW', 'Pullman, WA')
  INTO airports (city_code, city_name) VALUES ('PVD', 'Providence, RI')
  INTO airports (city_code, city_name) VALUES ('PVU', 'Provo, UT')
  INTO airports (city_code, city_name) VALUES ('PWM', 'Portland, ME')
  INTO airports (city_code, city_name) VALUES ('RAP', 'Rapid City, SD')
  INTO airports (city_code, city_name) VALUES ('RDD', 'Redding, CA')
  INTO airports (city_code, city_name) VALUES ('RDM', 'Bend/Redmond, OR')
  INTO airports (city_code, city_name) VALUES ('RDU', 'Raleigh/Durham, NC')
  INTO airports (city_code, city_name) VALUES ('RFD', 'Rockford, IL')
  INTO airports (city_code, city_name) VALUES ('RHI', 'Rhinelander, WI')
  INTO airports (city_code, city_name) VALUES ('RIC', 'Richmond, VA')
  INTO airports (city_code, city_name) VALUES ('RIW', 'Riverton/Lander, WY')
  INTO airports (city_code, city_name) VALUES ('RKS', 'Rock Springs, WY')
  INTO airports (city_code, city_name) VALUES ('RNO', 'Reno, NV')
  INTO airports (city_code, city_name) VALUES ('ROA', 'Roanoke, VA')
  INTO airports (city_code, city_name) VALUES ('ROC', 'Rochester, NY')
  INTO airports (city_code, city_name) VALUES ('ROW', 'Roswell, NM')
  INTO airports (city_code, city_name) VALUES ('RST', 'Rochester, MN')
  INTO airports (city_code, city_name) VALUES ('RSW', 'Fort Myers, FL')
  INTO airports (city_code, city_name) VALUES ('SAF', 'Santa Fe, NM')
  INTO airports (city_code, city_name) VALUES ('SAN', 'San Diego, CA')
  INTO airports (city_code, city_name) VALUES ('SAT', 'San Antonio, TX')
  INTO airports (city_code, city_name) VALUES ('SAV', 'Savannah, GA')
  INTO airports (city_code, city_name) VALUES ('SBA', 'Santa Barbara, CA')
  INTO airports (city_code, city_name) VALUES ('SBN', 'South Bend, IN')
  INTO airports (city_code, city_name) VALUES ('SBP', 'San Luis Obispo, CA')
  INTO airports (city_code, city_name) VALUES ('SCC', 'Deadhorse, AK')
  INTO airports (city_code, city_name) VALUES ('SCE', 'State College, PA')
  INTO airports (city_code, city_name) VALUES ('SCK', 'Stockton, CA')
  INTO airports (city_code, city_name) VALUES ('SDF', 'Louisville, KY')
  INTO airports (city_code, city_name) VALUES ('SEA', 'Seattle, WA')
  INTO airports (city_code, city_name) VALUES ('SFB', 'Sanford, FL')
  INTO airports (city_code, city_name) VALUES ('SFO', 'San Francisco, CA')
  INTO airports (city_code, city_name) VALUES ('SGF', 'Springfield, MO')
  INTO airports (city_code, city_name) VALUES ('SGU', 'St. George, UT')
  INTO airports (city_code, city_name) VALUES ('SHD', 'Staunton, VA')
  INTO airports (city_code, city_name) VALUES ('SHR', 'Sheridan, WY')
  INTO airports (city_code, city_name) VALUES ('SHV', 'Shreveport, LA')
  INTO airports (city_code, city_name) VALUES ('SIT', 'Sitka, AK')
  INTO airports (city_code, city_name) VALUES ('SJC', 'San Jose, CA')
  INTO airports (city_code, city_name) VALUES ('SJT', 'San Angelo, TX')
  INTO airports (city_code, city_name) VALUES ('SJU', 'San Juan, PR')
  INTO airports (city_code, city_name) VALUES ('SLC', 'Salt Lake City, UT')
  INTO airports (city_code, city_name) VALUES ('SLN', 'Salina, KS')
  INTO airports (city_code, city_name) VALUES ('SMF', 'Sacramento, CA')
  INTO airports (city_code, city_name) VALUES ('SMX', 'Santa Maria, CA')
  INTO airports (city_code, city_name) VALUES ('SNA', 'Santa Ana, CA')
  INTO airports (city_code, city_name) VALUES ('SPI', 'Springfield, IL')
  INTO airports (city_code, city_name) VALUES ('SPN', 'Saipan, TT')
  INTO airports (city_code, city_name) VALUES ('SPS', 'Wichita Falls, TX')
  INTO airports (city_code, city_name) VALUES ('SRQ', 'Sarasota/Bradenton, FL')
  INTO airports (city_code, city_name) VALUES ('STC', 'St. Cloud, MN')
  INTO airports (city_code, city_name) VALUES ('STL', 'St. Louis, MO')
  INTO airports (city_code, city_name) VALUES ('STS', 'Santa Rosa, CA')
  INTO airports (city_code, city_name) VALUES ('STT', 'Charlotte Amalie, VI')
  INTO airports (city_code, city_name) VALUES ('STX', 'Christiansted, VI')
  INTO airports (city_code, city_name) VALUES ('SUN', 'Sun Valley/Hailey/Ketchum, ID')
  INTO airports (city_code, city_name) VALUES ('SUX', 'Sioux City, IA')
  INTO airports (city_code, city_name) VALUES ('SWF', 'Newburgh/Poughkeepsie, NY')
  INTO airports (city_code, city_name) VALUES ('SWO', 'Stillwater, OK')
  INTO airports (city_code, city_name) VALUES ('SYR', 'Syracuse, NY')
  INTO airports (city_code, city_name) VALUES ('TBN', 'Fort Leonard Wood, MO')
  INTO airports (city_code, city_name) VALUES ('TLH', 'Tallahassee, FL')
  INTO airports (city_code, city_name) VALUES ('TOL', 'Toledo, OH')
  INTO airports (city_code, city_name) VALUES ('TPA', 'Tampa, FL')
  INTO airports (city_code, city_name) VALUES ('TRI', 'Bristol/Johnson City/Kingsport, TN')
  INTO airports (city_code, city_name) VALUES ('TTN', 'Trenton, NJ')
  INTO airports (city_code, city_name) VALUES ('TUL', 'Tulsa, OK')
  INTO airports (city_code, city_name) VALUES ('TUS', 'Tucson, AZ')
  INTO airports (city_code, city_name) VALUES ('TVC', 'Traverse City, MI')
  INTO airports (city_code, city_name) VALUES ('TWF', 'Twin Falls, ID')
  INTO airports (city_code, city_name) VALUES ('TXK', 'Texarkana, AR')
  INTO airports (city_code, city_name) VALUES ('TYR', 'Tyler, TX')
  INTO airports (city_code, city_name) VALUES ('TYS', 'Knoxville, TN')
  INTO airports (city_code, city_name) VALUES ('UIN', 'Quincy, IL')
  INTO airports (city_code, city_name) VALUES ('USA', 'Concord, NC')
  INTO airports (city_code, city_name) VALUES ('VCT', 'Victoria, TX')
  INTO airports (city_code, city_name) VALUES ('VEL', 'Vernal, UT')
  INTO airports (city_code, city_name) VALUES ('VLD', 'Valdosta, GA')
  INTO airports (city_code, city_name) VALUES ('VPS', 'Valparaiso, FL')
  INTO airports (city_code, city_name) VALUES ('WRG', 'Wrangell, AK')
  INTO airports (city_code, city_name) VALUES ('WYS', 'West Yellowstone, MT')
  INTO airports (city_code, city_name) VALUES ('XNA', 'Fayetteville, AR')
  INTO airports (city_code, city_name) VALUES ('XWA', 'Williston, ND')
  INTO airports (city_code, city_name) VALUES ('YAK', 'Yakutat, AK')
  INTO airports (city_code, city_name) VALUES ('YKM', 'Yakima, WA')
  INTO airports (city_code, city_name) VALUES ('YUM', 'Yuma, AZ')
SELECT * FROM dual;