INSERT INTO cities (city_name, city_code)
VALUES ('Aberdeen, SD', 'ABR'),
       ('Abilene, TX', 'ABI'),
       ('Adak Island, AK', 'ADK'),
       ('Aguadilla, PR', 'BQN'),
       ('Akron, OH', 'CAK'),
       ('Alamosa, CO', 'ALS'),
       ('Albany, GA', 'ABY'),
       ('Albany, NY', 'ALB'),
       ('Albuquerque, NM', 'ABQ'),
       ('Alexandria, LA', 'AEX'),
       ('Allentown/Bethlehem/Easton, PA', 'ABE'),
       ('Alpena, MI', 'APN'),
       ('Amarillo, TX', 'AMA'),
       ('Anchorage, AK', 'ANC'),
       ('Appleton, WI', 'ATW'),
       ('Arcata/Eureka, CA', 'ACV'),
       ('Asheville, NC', 'AVL'),
       ('Ashland, WV', 'HTS'),
       ('Aspen, CO', 'ASE'),
       ('Atlanta, GA', 'ATL'),
       ('Atlantic City, NJ', 'ACY'),
       ('Augusta, GA', 'AGS'),
       ('Austin, TX', 'AUS'),
       ('Bakersfield, CA', 'BFL'),
       ('Baltimore, MD', 'BWI'),
       ('Bangor, ME', 'BGR'),
       ('Barrow, AK', 'BRW'),
       ('Baton Rouge, LA', 'BTR'),
       ('Beaumont/Port Arthur, TX', 'BPT'),
       ('Belleville, IL', 'BLV'),
       ('Bellingham, WA', 'BLI'),
       ('Bemidji, MN', 'BJI'),
       ('Bend/Redmond, OR', 'RDM'),
       ('Bethel, AK', 'BET'),
       ('Billings, MT', 'BIL'),
       ('Binghamton, NY', 'BGM'),
       ('Birmingham, AL', 'BHM'),
       ('Bishop, CA', 'BIH'),
       ('Bismarck/Mandan, ND', 'BIS'),
       ('Bloomington/Normal, IL', 'BMI'),
       ('Boise, ID', 'BOI'),
       ('Boston, MA', 'BOS'),
       ('Bozeman, MT', 'BZN'),
       ('Brainerd, MN', 'BRD'),
       ('Branson, MO', 'BKG'),
       ('Bristol/Johnson City/Kingsport, TN', 'TRI'),
       ('Brownsville, TX', 'BRO'),
       ('Brunswick, GA', 'BQK'),
       ('Buffalo, NY', 'BUF'),
       ('Burbank, CA', 'BUR'),
       ('Burlington, VT', 'BTV'),
       ('Butte, MT', 'BTM'),
       ('Cape Girardeau, MO', 'CGI'),
       ('Casper, WY', 'CPR'),
       ('Cedar City, UT', 'CDC'),
       ('Cedar Rapids/Iowa City, IA', 'CID'),
       ('Champaign/Urbana, IL', 'CMI'),
       ('Charleston, SC', 'CHS'),
       ('Charleston/Dunbar, WV', 'CRW'),
       ('Charlotte Amalie, VI', 'STT'),
       ('Charlotte, NC', 'CLT'),
       ('Charlottesville, VA', 'CHO'),
       ('Chattanooga, TN', 'CHA'),
       ('Cheyenne, WY', 'CYS'),
       ('Chicago, IL', 'MDW'),
       ('Chicago, IL', 'ORD'),
       ('Christiansted, VI', 'STX'),
       ('Cincinnati, OH', 'CVG'),
       ('Clarksburg/Fairmont, WV', 'CKB'),
       ('Cleveland, OH', 'CLE'),
       ('Cody, WY', 'COD'),
       ('Cold Bay, AK', 'CDB'),
       ('College Station/Bryan, TX', 'CLL'),
       ('Colorado Springs, CO', 'COS'),
       ('Columbia, MO', 'COU'),
       ('Columbia, SC', 'CAE'),
       ('Columbus, GA', 'CSG'),
       ('Columbus, MS', 'GTR'),
       ('Columbus, OH', 'CMH'),
       ('Columbus, OH', 'LCK'),
       ('Concord, NC', 'USA'),
       ('CONCORD, NC', 'USA'),
       ('Cordova, AK', 'CDV'),
       ('Corpus Christi, TX', 'CRP'),
       ('Dallas, TX', 'DAL'),
       ('Dallas/Fort Worth, TX', 'DFW'),
       ('Dayton, OH', 'DAY'),
       ('Daytona Beach, FL', 'DAB'),
       ('Deadhorse, AK', 'SCC'),
       ('Decatur, IL', 'DEC'),
       ('Del Rio, TX', 'DRT'),
       ('Denver, CO', 'DEN'),
       ('Des Moines, IA', 'DSM'),
       ('Detroit, MI', 'DTW'),
       ('Devils Lake, ND', 'DVL'),
       ('Dickinson, ND', 'DIK'),
       ('Dillingham, AK', 'DLG'),
       ('Dodge City, KS', 'DDC'),
       ('Dothan, AL', 'DHN'),
       ('Dubuque, IA', 'DBQ'),
       ('Duluth, MN', 'DLH'),
       ('Durango, CO', 'DRO'),
       ('Eagle, CO', 'EGE'),
       ('Eau Claire, WI', 'EAU'),
       ('El Paso, TX', 'ELP'),
       ('Elko, NV', 'EKO'),
       ('Elmira/Corning, NY', 'ELM'),
       ('Erie, PA', 'ERI'),
       ('Escanaba, MI', 'ESC'),
       ('Eugene, OR', 'EUG'),
       ('Evansville, IN', 'EVV'),
       ('Everett, WA', 'PAE'),
       ('Fairbanks, AK', 'FAI'),
       ('Fargo, ND', 'FAR'),
       ('Fayetteville, AR', 'XNA'),
       ('Fayetteville, NC', 'FAY'),
       ('Flagstaff, AZ', 'FLG'),
       ('Flint, MI', 'FNT'),
       ('Florence, SC', 'FLO'),
       ('Fort Dodge, IA', 'FOD'),
       ('Fort Lauderdale, FL', 'FLL'),
       ('Fort Leonard Wood, MO', 'TBN'),
       ('Fort Myers, FL', 'RSW'),
       ('Fort Smith, AR', 'FSM'),
       ('Fort Wayne, IN', 'FWA'),
       ('Fresno, CA', 'FAT'),
       ('Gainesville, FL', 'GNV'),
       ('Garden City, KS', 'GCK'),
       ('Gillette, WY', 'GCC'),
       ('Grand Forks, ND', 'GFK'),
       ('Grand Island, NE', 'GRI'),
       ('Grand Junction, CO', 'GJT'),
       ('Grand Rapids, MI', 'GRR'),
       ('Great Falls, MT', 'GTF'),
       ('Green Bay, WI', 'GRB'),
       ('Greensboro/High Point, NC', 'GSO'),
       ('Greenville, NC', 'PGV'),
       ('Greer, SC', 'GSP'),
       ('Guam, TT', 'GUM'),
       ('Gulfport/Biloxi, MS', 'GPT'),
       ('Gunnison, CO', 'GUC'),
       ('Gustavus, AK', 'GST'),
       ('Hagerstown, MD', 'HGR'),
       ('Hancock/Houghton, MI', 'CMX'),
       ('Harlingen/San Benito, TX', 'HRL'),
       ('Harrisburg, PA', 'MDT'),
       ('Hartford, CT', 'BDL'),
       ('Hattiesburg/Laurel, MS', 'PIB'),
       ('Hayden, CO', 'HDN'),
       ('Hays, KS', 'HYS'),
       ('Helena, MT', 'HLN'),
       ('Hibbing, MN', 'HIB'),
       ('Hilo, HI', 'ITO'),
       ('Hilton Head, SC', 'HHH'),
       ('Hobbs, NM', 'HOB'),
       ('Honolulu, HI', 'HNL'),
       ('Houston, TX', 'HOU'),
       ('Houston, TX', 'IAH'),
       ('Huntsville, AL', 'HSV'),
       ('Hyannis, MA', 'HYA'),
       ('Idaho Falls, ID', 'IDA'),
       ('Indianapolis, IN', 'IND'),
       ('International Falls, MN', 'INL'),
       ('Iron Mountain/Kingsfd, MI', 'IMT'),
       ('Islip, NY', 'ISP'),
       ('Ithaca/Cortland, NY', 'ITH'),
       ('Jackson, WY', 'JAC'),
       ('Jackson/Vicksburg, MS', 'JAN'),
       ('Jacksonville, FL', 'JAX'),
       ('Jacksonville/Camp Lejeune, NC', 'OAJ'),
       ('Jamestown, ND', 'JMS'),
       ('Johnstown, PA', 'JST'),
       ('Joplin, MO', 'JLN'),
       ('Juneau, AK', 'JNU'),
       ('Kahului, HI', 'OGG'),
       ('Kalamazoo, MI', 'AZO'),
       ('Kalispell, MT', 'FCA'),
       ('Kansas City, MO', 'MCI'),
       ('Kearney, NE', 'EAR'),
       ('Ketchikan, AK', 'KTN'),
       ('Key West, FL', 'EYW'),
       ('Killeen, TX', 'GRK'),
       ('King Salmon, AK', 'AKN'),
       ('Knoxville, TN', 'TYS'),
       ('Kodiak, AK', 'ADQ'),
       ('Kona, HI', 'KOA'),
       ('Kotzebue, AK', 'OTZ'),
       ('La Crosse, WI', 'LSE'),
       ('Lafayette, LA', 'LFT'),
       ('Lake Charles, LA', 'LCH'),
       ('Lansing, MI', 'LAN'),
       ('Laramie, WY', 'LAR'),
       ('Laredo, TX', 'LRD'),
       ('Las Vegas, NV', 'LAS'),
       ('Latrobe, PA', 'LBE'),
       ('Lawton/Fort Sill, OK', 'LAW'),
       ('Lewisburg, WV', 'LWB'),
       ('Lewiston, ID', 'LWS'),
       ('Lexington, KY', 'LEX'),
       ('Liberal, KS', 'LBL'),
       ('Lihue, HI', 'LIH'),
       ('Lincoln, NE', 'LNK'),
       ('Little Rock, AR', 'LIT'),
       ('Long Beach, CA', 'LGB'),
       ('Longview, TX', 'GGG'),
       ('Los Angeles, CA', 'LAX'),
       ('Louisville, KY', 'SDF'),
       ('Lubbock, TX', 'LBB'),
       ('Lynchburg, VA', 'LYH'),
       ('Madison, WI', 'MSN'),
       ('Mammoth Lakes, CA', 'MMH'),
       ('Manchester, NH', 'MHT'),
       ('Manhattan/Ft. Riley, KS', 'MHK'),
       ('Marquette, MI', 'MQT'),
       ('Martha''s Vineyard, MA', 'MVY'),
       ('Mason City, IA', 'MCW'),
       ('Medford, OR', 'MFR'),
       ('Melbourne, FL', 'MLB'),
       ('Memphis, TN', 'MEM'),
       ('Meridian, MS', 'MEI'),
       ('Miami, FL', 'MIA'),
       ('Midland/Odessa, TX', 'MAF'),
       ('Milwaukee, WI', 'MKE'),
       ('Minneapolis, MN', 'MSP'),
       ('Minot, ND', 'MOT'),
       ('Mission/McAllen/Edinburg, TX', 'MFE'),
       ('Missoula, MT', 'MSO'),
       ('Moab, UT', 'CNY'),
       ('Mobile, AL', 'BFM'),
       ('Mobile, AL', 'MOB'),
       ('Moline, IL', 'MLI'),
       ('Monroe, LA', 'MLU'),
       ('Monterey, CA', 'MRY'),
       ('Montgomery, AL', 'MGM'),
       ('Montrose/Delta, CO', 'MTJ'),
       ('Mosinee, WI', 'CWA'),
       ('Muskegon, MI', 'MKG'),
       ('Myrtle Beach, SC', 'MYR'),
       ('Nantucket, MA', 'ACK'),
       ('Nashville, TN', 'BNA'),
       ('New Bern/Morehead/Beaufort, NC', 'EWN'),
       ('New Haven, CT', 'HVN'),
       ('New Orleans, LA', 'MSY'),
       ('New York, NY', 'JFK'),
       ('New York, NY', 'LGA'),
       ('Newark, NJ', 'EWR'),
       ('Newburgh/Poughkeepsie, NY', 'SWF'),
       ('Newport News/Williamsburg, VA', 'PHF'),
       ('Niagara Falls, NY', 'IAG'),
       ('Nome, AK', 'OME'),
       ('Norfolk, VA', 'ORF'),
       ('North Bend/Coos Bay, OR', 'OTH'),
       ('North Platte, NE', 'LBF'),
       ('Oakland, CA', 'OAK'),
       ('Ogden, UT', 'OGD'),
       ('Ogdensburg, NY', 'OGS'),
       ('Oklahoma City, OK', 'OKC'),
       ('Omaha, NE', 'OMA'),
       ('Ontario, CA', 'ONT'),
       ('Orlando, FL', 'MCO'),
       ('Owensboro, KY', 'OWB'),
       ('Paducah, KY', 'PAH'),
       ('Pago Pago, TT', 'PPG'),
       ('Palm Springs, CA', 'PSP'),
       ('Panama City, FL', 'ECP'),
       ('Pasco/Kennewick/Richland, WA', 'PSC'),
       ('Pellston, MI', 'PLN'),
       ('Pensacola, FL', 'PNS'),
       ('Peoria, IL', 'PIA'),
       ('Petersburg, AK', 'PSG'),
       ('Philadelphia, PA', 'PHL'),
       ('Phoenix, AZ', 'AZA'),
       ('Phoenix, AZ', 'PHX'),
       ('Pierre, SD', 'PIR'),
       ('Pittsburgh, PA', 'PIT'),
       ('Plattsburgh, NY', 'PBG'),
       ('Pocatello, ID', 'PIH'),
       ('Ponce, PR', 'PSE'),
       ('Portland, ME', 'PWM'),
       ('Portland, OR', 'PDX'),
       ('Portsmouth, NH', 'PSM'),
       ('Prescott, AZ', 'PRC'),
       ('Providence, RI', 'PVD'),
       ('Provo, UT', 'PVU'),
       ('Pueblo, CO', 'PUB'),
       ('Pullman, WA', 'PUW'),
       ('Punta Gorda, FL', 'PGD'),
       ('Quincy, IL', 'UIN'),
       ('Raleigh/Durham, NC', 'RDU'),
       ('Rapid City, SD', 'RAP'),
       ('Redding, CA', 'RDD'),
       ('Reno, NV', 'RNO'),
       ('Rhinelander, WI', 'RHI'),
       ('Richmond, VA', 'RIC'),
       ('Riverton/Lander, WY', 'RIW'),
       ('Roanoke, VA', 'ROA'),
       ('Rochester, MN', 'RST'),
       ('Rochester, NY', 'ROC'),
       ('Rock Springs, WY', 'RKS'),
       ('Rockford, IL', 'RFD'),
       ('Roswell, NM', 'ROW'),
       ('Sacramento, CA', 'SMF'),
       ('Saginaw/Bay City/Midland, MI', 'MBS'),
       ('Saipan, TT', 'SPN'),
       ('Salina, KS', 'SLN'),
       ('Salt Lake City, UT', 'SLC'),
       ('San Angelo, TX', 'SJT'),
       ('San Antonio, TX', 'SAT'),
       ('San Diego, CA', 'SAN'),
       ('San Francisco, CA', 'SFO'),
       ('San Jose, CA', 'SJC'),
       ('San Juan, PR', 'SJU'),
       ('San Luis Obispo, CA', 'SBP'),
       ('Sanford, FL', 'SFB'),
       ('Santa Ana, CA', 'SNA'),
       ('Santa Barbara, CA', 'SBA'),
       ('Santa Fe, NM', 'SAF'),
       ('Santa Maria, CA', 'SMX'),
       ('Santa Rosa, CA', 'STS'),
       ('Sarasota/Bradenton, FL', 'SRQ'),
       ('Sault Ste. Marie, MI', 'CIU'),
       ('Savannah, GA', 'SAV'),
       ('Scottsbluff, NE', 'BFF'),
       ('Scranton/Wilkes-Barre, PA', 'AVP'),
       ('Seattle, WA', 'SEA'),
       ('Sheridan, WY', 'SHR'),
       ('Shreveport, LA', 'SHV'),
       ('Sioux City, IA', 'SUX'),
       ('Sioux Falls, SD', 'FSD'),
       ('Sitka, AK', 'SIT'),
       ('South Bend, IN', 'SBN'),
       ('Spokane, WA', 'GEG'),
       ('Springfield, IL', 'SPI'),
       ('Springfield, MO', 'SGF'),
       ('St. Cloud, MN', 'STC'),
       ('St. George, UT', 'SGU'),
       ('St. Louis, MO', 'STL'),
       ('St. Petersburg, FL', 'PIE'),
       ('State College, PA', 'SCE'),
       ('Staunton, VA', 'SHD'),
       ('Stillwater, OK', 'SWO'),
       ('Stockton, CA', 'SCK'),
       ('Sun Valley/Hailey/Ketchum, ID', 'SUN'),
       ('Syracuse, NY', 'SYR'),
       ('Tallahassee, FL', 'TLH'),
       ('Tampa, FL', 'TPA'),
       ('Texarkana, AR', 'TXK'),
       ('Toledo, OH', 'TOL'),
       ('Traverse City, MI', 'TVC'),
       ('Trenton, NJ', 'TTN'),
       ('Tucson, AZ', 'TUS'),
       ('Tulsa, OK', 'TUL'),
       ('Twin Falls, ID', 'TWF'),
       ('Tyler, TX', 'TYR'),
       ('Valdosta, GA', 'VLD'),
       ('Valparaiso, FL', 'VPS'),
       ('Vernal, UT', 'VEL'),
       ('Victoria, TX', 'VCT'),
       ('Waco, TX', 'ACT'),
       ('Walla Walla, WA', 'ALW'),
       ('Washington, DC', 'DCA'),
       ('Washington, DC', 'IAD'),
       ('Waterloo, IA', 'ALO'),
       ('Watertown, NY', 'ART'),
       ('Watertown, SD', 'ATY'),
       ('Wenatchee, WA', 'EAT'),
       ('West Palm Beach/Palm Beach, FL', 'PBI'),
       ('West Yellowstone, MT', 'WYS'),
       ('White Plains, NY', 'HPN'),
       ('Wichita Falls, TX', 'SPS'),
       ('Wichita, KS', 'ICT'),
       ('Williamsport, PA', 'IPT'),
       ('Williston, ND', 'ISN'),
       ('Williston, ND', 'XWA'),
       ('Wilmington, DE', 'ILG'),
       ('Wilmington, NC', 'ILM'),
       ('Worcester, MA', 'ORH'),
       ('Wrangell, AK', 'WRG'),
       ('Yakima, WA', 'YKM'),
       ('Yakutat, AK', 'YAK'),
       ('Yuma, AZ', 'YUM');